{
  "formatVersion": 1,
  "database": {
    "version": 1,
    "identityHash": "96b6f74bd5d44934d336303c7a06688e",
    "entities": [
      {
        "tableName": "invoice_table",
        "createSql": "CREATE TABLE IF NOT EXISTS `${TABLE_NAME}` (`id` TEXT NOT NULL, `user_id` TEXT, `client_first_name` TEXT, `client_last_name` TEXT, `item_name` TEXT, `item_desc` TEXT, `item_rate` TEXT, `item_quant` TEXT, `amount` TEXT, `due_date` TEXT, PRIMARY KEY(`id`))",
        "fields": [
          {
            "fieldPath": "mId",
            "columnName": "id",
            "affinity": "TEXT",
            "notNull": true
          },
          {
            "fieldPath": "mUid",
            "columnName": "user_id",
            "affinity": "TEXT",
            "notNull": false
          },
          {
            "fieldPath": "mClientFName",
            "columnName": "client_first_name",
            "affinity": "TEXT",
            "notNull": false
          },
          {
            "fieldPath": "mClientLName",
            "columnName": "client_last_name",
            "affinity": "TEXT",
            "notNull": false
          },
          {
            "fieldPath": "mItemName",
            "columnName": "item_name",
            "affinity": "TEXT",
            "notNull": false
          },
          {
            "fieldPath": "mItemDesc",
            "columnName": "item_desc",
            "affinity": "TEXT",
            "notNull": false
          },
          {
            "fieldPath": "mItemRate",
            "columnName": "item_rate",
            "affinity": "TEXT",
            "notNull": false
          },
          {
            "fieldPath": "mItemQuant",
            "columnName": "item_quant",
            "affinity": "TEXT",
            "notNull": false
          },
          {
            "fieldPath": "mAmount",
            "columnName": "amount",
            "affinity": "TEXT",
            "notNull": false
          },
          {
            "fieldPath": "mDueDate",
            "columnName": "due_date",
            "affinity": "TEXT",
            "notNull": false
          }
        ],
        "primaryKey": {
          "columnNames": [
            "id"
          ],
          "autoGenerate": false
        },
        "indices": [],
        "foreignKeys": []
      }
    ],
    "views": [],
    "setupQueries": [
      "CREATE TABLE IF NOT EXISTS room_master_table (id INTEGER PRIMARY KEY,identity_hash TEXT)",
      "INSERT OR REPLACE INTO room_master_table (id,identity_hash) VALUES(42, '96b6f74bd5d44934d336303c7a06688e')"
    ]
  }
}